<?xml version="1.0" encoding="UTF-8"?>
<GenRun Id="impl_1" LaunchPart="xc7z020clg484-1" LaunchTime="1607083774">
  <File Type="ROUTE-PWR" Name="classic_debounced_fsm_with_compare_power_routed.rpt"/>
  <File Type="PA-TCL" Name="classic_debounced_fsm_with_compare.tcl"/>
  <File Type="PWROPT-DCP" Name="classic_debounced_fsm_with_compare_pwropt.dcp"/>
  <File Type="ROUTE-PWR-SUM" Name="classic_debounced_fsm_with_compare_power_summary_routed.pb"/>
  <File Type="REPORTS-TCL" Name="classic_debounced_fsm_with_compare_reports.tcl"/>
  <File Type="BG-DRC" Name="classic_debounced_fsm_with_compare.drc"/>
  <File Type="OPT-HWDEF" Name="classic_debounced_fsm_with_compare.hwdef"/>
  <File Type="OPT-DCP" Name="classic_debounced_fsm_with_compare_opt.dcp"/>
  <File Type="OPT-DRC" Name="classic_debounced_fsm_with_compare_drc_opted.rpt"/>
  <File Type="PLACE-DCP" Name="classic_debounced_fsm_with_compare_placed.dcp"/>
  <File Type="PLACE-IO" Name="classic_debounced_fsm_with_compare_io_placed.rpt"/>
  <File Type="PLACE-UTIL" Name="classic_debounced_fsm_with_compare_utilization_placed.rpt"/>
  <File Type="PLACE-UTIL-PB" Name="classic_debounced_fsm_with_compare_utilization_placed.pb"/>
  <File Type="PLACE-CTRL" Name="classic_debounced_fsm_with_compare_control_sets_placed.rpt"/>
  <File Type="PLACE-PRE-SIMILARITY" Name="classic_debounced_fsm_with_compare_incremental_reuse_pre_placed.rpt"/>
  <File Type="POSTPLACE-PWROPT-DCP" Name="classic_debounced_fsm_with_compare_postplace_pwropt.dcp"/>
  <File Type="PHYSOPT-DCP" Name="classic_debounced_fsm_with_compare_physopt.dcp"/>
  <File Type="BG-BIT" Name="classic_debounced_fsm_with_compare.bit"/>
  <File Type="ROUTE-ERROR-DCP" Name="classic_debounced_fsm_with_compare_routed_error.dcp"/>
  <File Type="ROUTE-DCP" Name="classic_debounced_fsm_with_compare_routed.dcp"/>
  <File Type="ROUTE-BLACKBOX-DCP" Name="classic_debounced_fsm_with_compare_routed_bb.dcp"/>
  <File Type="ROUTE-DRC" Name="classic_debounced_fsm_with_compare_drc_routed.rpt"/>
  <File Type="ROUTE-DRC-PB" Name="classic_debounced_fsm_with_compare_drc_routed.pb"/>
  <File Type="ROUTE-DRC-RPX" Name="classic_debounced_fsm_with_compare_drc_routed.rpx"/>
  <File Type="BITSTR-MSK" Name="classic_debounced_fsm_with_compare.msk"/>
  <File Type="ROUTE-METHODOLOGY-DRC" Name="classic_debounced_fsm_with_compare_methodology_drc_routed.rpt"/>
  <File Type="BG-BGN" Name="classic_debounced_fsm_with_compare.bgn"/>
  <File Type="ROUTE-METHODOLOGY-DRC-RPX" Name="classic_debounced_fsm_with_compare_methodology_drc_routed.rpx"/>
  <File Type="BITSTR-RBT" Name="classic_debounced_fsm_with_compare.rbt"/>
  <File Type="ROUTE-METHODOLOGY-DRC-PB" Name="classic_debounced_fsm_with_compare_methodology_drc_routed.pb"/>
  <File Type="BG-BIN" Name="classic_debounced_fsm_with_compare.bin"/>
  <File Type="ROUTE-PWR-RPX" Name="classic_debounced_fsm_with_compare_power_routed.rpx"/>
  <File Type="ROUTE-STATUS" Name="classic_debounced_fsm_with_compare_route_status.rpt"/>
  <File Type="ROUTE-STATUS-PB" Name="classic_debounced_fsm_with_compare_route_status.pb"/>
  <File Type="ROUTE-TIMINGSUMMARY" Name="classic_debounced_fsm_with_compare_timing_summary_routed.rpt"/>
  <File Type="ROUTE-TIMING-PB" Name="classic_debounced_fsm_with_compare_timing_summary_routed.pb"/>
  <File Type="ROUTE-TIMING-RPX" Name="classic_debounced_fsm_with_compare_timing_summary_routed.rpx"/>
  <File Type="ROUTE-CLK" Name="classic_debounced_fsm_with_compare_clock_utilization_routed.rpt"/>
  <File Type="RDI-RDI" Name="classic_debounced_fsm_with_compare.vdi"/>
  <File Type="POSTROUTE-PHYSOPT-DCP" Name="classic_debounced_fsm_with_compare_postroute_physopt.dcp"/>
  <File Type="POSTROUTE-PHYSOPT-BLACKBOX-DCP" Name="classic_debounced_fsm_with_compare_postroute_physopt_bb.dcp"/>
  <File Type="BITSTR-NKY" Name="classic_debounced_fsm_with_compare.nky"/>
  <File Type="BITSTR-BMM" Name="classic_debounced_fsm_with_compare_bd.bmm"/>
  <File Type="BITSTR-MMI" Name="classic_debounced_fsm_with_compare.mmi"/>
  <File Type="BITSTR-LTX" Name="classic_debounced_fsm_with_compare.ltx"/>
  <File Type="BITSTR-SYSDEF" Name="classic_debounced_fsm_with_compare.sysdef"/>
  <File Type="WBT-USG" Name="usage_statistics_webtalk.html"/>
  <FileSet Name="sources" Type="DesignSrcs" RelSrcDir="$PSRCDIR/sources_1">
    <Filter Type="Srcs"/>
    <File Path="$PSRCDIR/sources_1/imports/5_fsm/classic_debounced_fsm_with_compare.v">
      <FileInfo>
        <Attr Name="ImportPath" Val="$PPRDIR/../../../../../../../../../../Python/examples/5_fsm/classic_debounced_fsm_with_compare.v"/>
        <Attr Name="ImportTime" Val="1607082711"/>
        <Attr Name="UsedIn" Val="synthesis"/>
        <Attr Name="UsedIn" Val="implementation"/>
        <Attr Name="UsedIn" Val="simulation"/>
      </FileInfo>
    </File>
    <Config>
      <Option Name="DesignMode" Val="RTL"/>
      <Option Name="TopModule" Val="classic_debounced_fsm_with_compare"/>
      <Option Name="TopAutoSet" Val="TRUE"/>
    </Config>
  </FileSet>
  <FileSet Name="constrs_in" Type="Constrs" RelSrcDir="$PSRCDIR/constrs_1">
    <Filter Type="Constrs"/>
    <File Path="$PSRCDIR/constrs_1/new/pinout.xdc">
      <FileInfo>
        <Attr Name="ImportPath" Val="$PPRDIR/../../../../../../../../../../Python/moje_vivado/5_fsmprojekt1/5_fsmprojekt1.srcs/constrs_1/new/pinout.xdc"/>
        <Attr Name="ImportTime" Val="1607083762"/>
        <Attr Name="UsedIn" Val="synthesis"/>
        <Attr Name="UsedIn" Val="implementation"/>
      </FileInfo>
    </File>
    <Config>
      <Option Name="TargetConstrsFile" Val="$PSRCDIR/constrs_1/new/pinout.xdc"/>
      <Option Name="ConstrsType" Val="XDC"/>
    </Config>
  </FileSet>
  <Strategy Version="1" Minor="2">
    <StratHandle Name="Vivado Implementation Defaults" Flow="Vivado Implementation 2017"/>
    <Step Id="init_design"/>
    <Step Id="opt_design"/>
    <Step Id="power_opt_design"/>
    <Step Id="place_design"/>
    <Step Id="post_place_power_opt_design"/>
    <Step Id="phys_opt_design"/>
    <Step Id="route_design"/>
    <Step Id="post_route_phys_opt_design"/>
    <Step Id="write_bitstream"/>
  </Strategy>
</GenRun>
